Area served (acre),Total Pipeline length (meter) ,Irrigation valves (unit),Construction year,Actual Cost ($),Actual Duration (working days),Actual Cost Variance($),Actual Duration Variance(working days)
37,674,9,2019,27505,82,255,21
37,750,6,2018,23257,70,121,3
41,321,5,2021,22343,61,4429,12
62,1091,10,2022,50012,77,880,22
76,1300,12,2021,51478,82,12163,3
76,1300,12,2021,51478,82,3926,23
50,1020,9,2017,28127,76,3764,18
50,1275,12,2017,37193,81,694,4
71,956,9,2017,36389,93,5915,6
71,960,9,2021,39785,75,7288,20
43,800,8,2017,28252,87,5564,25
43,1285,2,2021,44405,80,5958,22
37,417,7,2017,20270,71,3144,3
37,961,1,2021,23443,73,4730,11
52,1393,13,2021,51966,84,5106,0
46,471,7,2022,30603,64,5809,18
88,1095,6,2021,40709,99,4167,15
88,1095,15,2021,40157,78,6609,10
62,1290,13,2022,54782,82,6739,3
53,570,9,2021,32803,78,289,5
45,992,9,2021,43190,95,5943,27
41,850,8,2021,40028,89,691,2
56,700,9,2022,38698,83,316,22
56,720,9,2019,30982,70,595,9
35,377,6,2019,20463,62,3813,3
50,310,7,2022,28813,67,338,5
28,280,5,2020,20303,60,5578,5
28,280,5,2022,24815,60,1600,13
27,477,5,2017,18683,64,4029,7
28,280,5,2022,24815,60,599,13
27,470,5,2021,27365,73,5577,4
31,774,11,2018,33681,86,2179,14
51,455,6,2021,28030,64,3053,17
100,1519,15,2019,50459,87,4895,25
100,1481,15,2021,54669,116,2808,20
79,909,12,2019,37062,74,243,12
41,532,8,2019,23990,66,2720,4
43,544,6,2021,26666,66,7939,13
90,721,13,2022,53426,85,15877,9
39,505,8,2021,30860,75,7079,5
46,470,7,2021,27839,64,118,3
38,530,7,2017,21077,66,5497,4
67,1150,11,2018,40723,102,9829,10
67,1150,10,2018,35809,79,1114,11
65,875,15,2017,31837,74,6081,2
74,1675,11,2021,66571,123,18307,31
54,1179,10,2021,40889,79,599,1
70,908,10,2021,47326,92,965,9
32,630,6,2021,34352,80,4142,5
70,119,10,2022,30879,58,4018,13
70,870,11,2017,31645,73,5544,6
32,600,6,2017,21888,67,1597,1
97,1140,4,2021,48376,77,6175,5
50,870,13,2021,37266,74,10772,10
45,616,9,2021,32582,68,8767,8
58,1310,9,2018,37808,82,5254,21
56,850,8,2018,30578,72,4999,4
80,1399,12,2018,43685,84,12367,22
50,600,11,2018,25590,68,1668,19
32,765,8,2018,25247,70,6730,17
27,400,7,2021,25386,63,5071,12
27,507,7,2021,27034,65,3926,7
38,1033,6,2021,35871,75,7819,17
30,655,5,2020,28120,81,2474,16
80,934,9,2021,57000,74,2897,10
77,1393,17,2021,64931,85,7440,6
45,603,6,2021,27372,67,1999,14
61,1018,12,2019,36399,76,7919,21
45,610,7,2020,29673,79,5177,2
45,630,7,2020,27510,68,73,16
63,1499,12,2020,50058,86,2220,25
53,1200,27,2020,50567,83,8848,18
53,1325,11,2020,47132,82,8584,19
28,198,5,2021,21296,58,5551,15
51,365,5,2019,19572,62,3254,15
51,359,7,2020,24663,69,3949,7
51,312,7,2020,22582,61,1735,3
28,327,5,2021,23283,61,2705,2
40,1040,11,2021,42988,77,11369,6
63,2015,13,2021,50433,96,4406,22
56,1832,3,2021,45896,91,9103,1
51,1730,7,2021,52600,90,7912,14
46,1390,10,2021,48035,83,5262,19
39,1135,10,2021,40676,78,487,5
40,1000,3,2021,36188,74,7910,6
25,530,4,2021,24332,65,5227,12
25,644,8,2021,27385,68,1976,17
26,462,8,2021,26481,64,282,13
39,401,5,2021,26090,63,4573,11
30,400,5,2021,24407,63,2878,18
19,366,5,2021,23883,62,2079,6
24,482,5,2021,26347,64,332,2
57,1178,13,2021,46829,80,6464,3
52,439,5,2021,25346,63,502,13
34,870,10,2021,37096,73,3181,16
60,1258,11,2020,46817,81,9324,19
45,850,7,2020,30817,72,7874,3
29,330,6,2019,20648,68,645,15
26,300,5,2019,19815,67,2511,5
20,390,5,2021,22253,62,6462,13
32,251,4,2021,21705,59,6459,7
40,870,10,2021,33946,73,8741,3
34,400,4,2021,22000,62,6581,15
34,492,5,2021,25824,64,4074,18
34,468,5,2021,25454,64,3734,17
68,664,7,2021,31550,68,5707,20
24,779,4,2021,31295,70,898,20
52,1100,13,2021,42128,78,8344,23
29,448,7,2021,28109,64,5887,4
36,750,8,2021,32503,70,6145,4
27,299,6,2021,23258,61,879,1
47,700,6,2021,30424,69,686,12
23,795,5,2021,31647,70,6689,13
30,779,3,2021,31658,70,4967,20
26.2,588,3,2021,26488,66,1446,14
24,530,8,2018,28113,77,2768,5
38.11,707.7,9.45,2019,28330,84,6563,8
37,757.5,6.24,2018,25350,74,5752,19
42.64,327.42,5,2021,22790,65,1911,3
64.48,1123.73,10.4,2022,53513,79,1938,16
78.28,1352,12.24,2021,53022,86,666,25
79.04,1352,12.6,2021,55081,88,3829,25
50,1030.2,9.09,2017,29253,78,6507,11
51,1300.5,12.36,2017,37193,83,10136,2
71.71,956,9.09,2017,38208,99,7636,25
73.13,960,9.27,2021,41376,78,6357,8
43.86,808,8.16,2017,29100,90,6411,21
45.15,1285,2.1,2021,47957,86,5778,14
38.11,437.85,7.35,2017,21284,73,4006,15
37.74,970.61,1,2021,25553,74,6597,3
54.08,1462.65,13.52,2021,51966,88,6595,14
47.84,485.13,7.35,2022,33052,65,4668,6
92.4,1127.85,6.12,2021,40709,104,3375,2
92.4,1105.95,15,2021,42165,79,8213,16
62.62,1290,13.26,2022,60260,86,11526,5
54.59,575.7,9.45,2021,32803,79,8430,13
46.35,1001.92,9.45,2021,45349,96,11845,25
41,850,8.24,2021,43230,93,11341,20
58.8,735,9,2022,41407,87,11149,5
57.68,720,9.09,2019,33770,71,3017,13
36.4,395.85,6.06,2019,22100,63,1243,9
51,322.4,7.21,2022,30542,72,2159,2
28.56,280,5.25,2020,21115,61,4697,14
29.4,294,5.15,2022,26552,63,1025,7
27.54,486.54,5.25,2017,20364,66,3682,20
28.84,291.2,5,2022,25559,62,3516,2
27.27,470,5,2021,29007,74,431,17
31.62,781.74,11.55,2018,34018,86,9738,1
53.55,477.75,6.12,2021,28871,66,7001,12
104,1519,15,2019,51468,91,10087,20
100,1540.24,15.3,2021,58496,117,13331,27
80.58,918.09,12.48,2019,39285,77,2214,1
43.05,553.28,8.16,2019,25909,68,5485,18
43.86,544,6.06,2021,28799,66,1493,4
90.9,728.21,13,2022,55029,87,3737,24
39,505,8.16,2021,30860,75,7850,14
46.92,493.5,7.35,2021,29231,68,468,16
39.14,556.5,7.14,2017,21077,67,462,16
68.34,1184.5,11.11,2018,43573,105,2345,9
70.35,1173,10.1,2018,36884,80,520,20
68.25,901.25,15,2017,34703,76,9251,21
76.22,1742,11.55,2021,70565,127,14826,4
54.54,1202.58,10.5,2021,41707,80,765,4
70.7,908,10.4,2021,48273,93,10947,13
33.6,655.2,6.12,2021,37443,83,6867,19
73.5,123.76,10.3,2022,30879,60,2135,18
70,887.4,11.11,2017,33227,78,1874,8
32.96,600,6.06,2017,24077,70,1493,17
97,1197,4.16,2021,50311,79,3894,11
50,913.5,13.52,2021,37266,77,1012,10
45.9,622.16,9.45,2021,35514,70,3897,11
60.32,1336.2,9.45,2018,39699,83,7936,4
58.24,875.5,8,2018,32413,73,7298,16
81.6,1440.97,12,2018,46306,88,2449,6
52.5,606,11.22,2018,26613,71,1396,17
32.32,765,8.32,2018,25500,70,539,16
27.81,408,7.21,2021,26401,66,2854,7
27.54,522.21,7,2021,29737,67,7719,3
38,1043.33,6.12,2021,38382,78,5026,13
30.9,674.65,5.05,2020,29526,86,4880,14
84,943.34,9.27,2021,60990,78,9175,4
79.31,1393,17.17,2021,66879,91,13891,26
46.35,609.03,6.3,2021,29015,72,2523,8
61.61,1058.72,12.12,2019,38583,81,4915,24
45.9,622.2,7.14,2020,32640,82,2785,7
45.9,630,7,2020,30261,71,9053,16
63,1558.96,12.12,2020,50058,92,14219,1
53,1248,27,2020,50567,84,8338,0
54.06,1351.5,11.44,2020,51374,86,2587,14
28,198,5.15,2021,21935,60,4255,5
52.02,383.25,5,2019,20159,66,1881,3
51.51,362.59,7.07,2020,27130,73,3301,16
51.51,327.6,7.35,2020,23259,65,2171,1
29.4,333.54,5.05,2021,24447,64,5,10
40.4,1060.8,11.44,2021,47287,78,4709,19
64.26,2075.45,13.13,2021,52954,101,8639,5
58.24,1886.96,3.15,2021,47273,91,2323,7
53.04,1764.6,7,2021,55756,93,16677,27
46,1431.7,10.4,2021,49956,84,14266,20
40.95,1169.05,10,2021,42303,80,11673,15
42,1010,3.15,2021,39445,75,1817,14
25.5,545.9,4.04,2021,25305,68,1207,8
25.75,663.32,8.24,2021,27385,71,2276,12
27.3,462,8.32,2021,27805,68,4937,10
39.78,417.04,5.25,2021,26612,67,5268,1
31.5,400,5.05,2021,25871,66,1178,10
19.38,366,5.2,2021,25316,64,2730,14
24,496.46,5.2,2021,28718,67,7186,15
57.57,1189.78,13.26,2021,51512,82,6265,14
53.04,456.56,5.05,2021,26106,65,2179,18
35.36,896.1,10.4,2021,37467,75,8064,17
60.6,1283.16,11.55,2020,50562,82,7134,20
45.45,875.5,7.35,2020,33282,75,4795,7
29,346.5,6,2019,21474,71,5612,11
26,303,5.1,2019,20608,70,5936,16
20.4,405.6,5.05,2021,22475,66,3489,18
32.96,261.04,4.04,2021,23225,63,6651,11
41.6,913.5,10.4,2021,37340,76,3822,22
34,400,4.08,2021,23980,64,3036,10
34.34,501.84,5.1,2021,25824,64,4709,6
35.36,482.04,5.25,2021,26472,68,5420,10
69.36,697.2,7.28,2021,32497,73,7607,12
24.72,786.79,4.16,2021,34112,70,10085,2
52,1111,13.26,2021,42128,80,4692,1
29.29,448,7.07,2021,29515,65,7024,18
36.36,787.5,8.24,2021,34453,71,9786,0
27.54,301.99,6,2021,24421,65,441,10
47,735,6.12,2021,30728,69,2075,10
23.92,818.85,5.1,2021,31647,73,7774,16
30.3,786.79,3.03,2021,33557,72,1631,9
27.248,588,3.12,2021,26488,66,2445,10
24.72,530,8.16,2018,28113,77,1415,12
38.48,700.96,9.18,2019,28605,87,4119,3
38.48,757.5,6.3,2018,23955,71,5997,5
41.82,327.42,5,2021,23907,64,7121,18
63.86,1145.55,10.1,2022,53012,79,9165,0
77.52,1326,12.6,2021,54052,84,2344,9
77.52,1365,12.6,2021,56111,88,9222,1
52,1020,9.45,2017,30378,76,3218,12
51,1338.75,12.48,2017,40913,86,3656,9
73.13,965.56,9.45,2017,36389,97,8915,29
73.84,979.2,9.27,2021,40580,76,5372,12
44.72,808,8.32,2017,29947,91,8877,3
44.29,1297.85,2.06,2021,48401,82,14086,8
37.74,429.51,7.28,2017,20676,76,3782,22
38.11,989.83,1.04,2021,25788,74,1231,1
54.08,1462.65,13.52,2021,55604,90,14655,14
47.38,489.84,7.28,2022,31827,67,7767,6
92.4,1095,6,2021,44780,99,6286,15
89.76,1095,15.45,2021,42566,83,12539,3
62,1354.5,13.39,2022,58616,84,15246,14
54.06,570,9.36,2021,33459,84,2444,24
46.8,1041.6,9.09,2021,44485,97,2543,15
42.23,875.5,8.32,2021,41229,91,7609,27
58.8,728,9.36,2022,40633,89,9361,13
58.8,741.6,9.18,2019,32221,75,766,3
35,388.31,6.3,2019,21895,64,3770,14
51,325.5,7.35,2022,31407,68,5502,8
28.56,291.2,5.25,2020,22333,61,5192,17
28,291.2,5.05,2022,27296,61,7312,9
27.27,496.08,5.25,2017,19243,64,3206,9
28.56,282.8,5.15,2022,27048,64,2939,12
27.27,484.1,5.25,2021,29828,76,6989,8
31.31,804.96,11.44,2018,36376,93,2417,2
51,468.65,6.3,2021,28030,68,6241,8
100,1594.95,15,2019,55505,90,7707,1
104,1510.62,15.45,2021,56856,123,9258,34
81.37,918.09,12.48,2019,40768,78,12198,12
42.23,537.32,8.16,2019,24469,68,2915,20
44.72,560.32,6.06,2021,29066,67,5177,14
91.8,721,13.26,2022,58769,91,14826,19
40.17,510.05,8.24,2021,33329,76,3431,17
48.3,484.1,7,2021,28396,68,3144,10
38.76,556.5,7.21,2017,21920,67,6130,17
67,1161.5,11.11,2018,40723,108,410,16
67.67,1150,10.5,2018,38316,85,11043,11
66.95,918.75,15.3,2017,33429,79,368,19
77.7,1758.75,11.11,2021,66571,123,16904,33
55.08,1237.95,10.3,2021,42934,81,12018,13
70,926.16,10,2021,49219,92,13519,2
33.28,661.5,6,2021,37787,83,8310,17
73.5,123.76,10.3,2022,32114,58,493,14
70,878.7,11.22,2017,34493,77,3047,6
33.6,612,6.06,2017,23858,72,6998,20
99.91,1185.6,4.08,2021,51762,81,2938,10
52.5,878.7,13.65,2021,40247,78,8113,9
45.45,622.16,9.27,2021,32908,73,7169,1
60.9,1375.5,9.18,2018,37808,82,2928,5
57.68,884,8.4,2018,31496,73,5446,1
81.6,1399,12.6,2018,44559,84,8281,1
51,624,11.11,2018,25845,69,897,4
32.32,795.6,8.4,2018,25500,74,7324,16
28.08,420,7.35,2021,25894,64,7298,10
27.54,532.35,7.14,2021,29737,70,951,9
39.9,1074.32,6.18,2021,39099,77,4058,6
30.9,681.2,5,2020,30932,85,2314,18
84,962.02,9.45,2021,62700,79,7507,19
80.85,1393,17.17,2021,65580,91,12701,6
46.35,621.09,6.24,2021,30109,70,5151,10
63.44,1038.36,12.48,2019,38583,78,3191,20
47.25,640.5,7.14,2020,30563,79,6181,11
47.25,630,7.07,2020,27510,71,2088,13
65.52,1513.99,12.12,2020,50559,92,14455,6
55.12,1236,28.35,2020,54613,86,11137,12
54.59,1391.25,11,2020,49017,86,12668,4
28.28,205.92,5.25,2021,22574,60,2822,2
51,379.6,5.1,2019,19767,64,5527,11
52.53,376.95,7.28,2020,27130,73,7905,2
52.53,327.6,7.07,2020,23937,62,1212,10
29.12,343.35,5.1,2021,24214,65,1354,12
42,1050.4,11.55,2021,46427,82,11683,18
64.89,2075.45,13,2021,53963,102,12498,28
58.24,1923.6,3,2021,50486,97,5214,11
52.02,1730,7.28,2021,56282,93,3566,17
47.84,1431.7,10.4,2021,52358,86,12745,23
39.39,1146.35,10.5,2021,40676,83,9168,24
40.8,1010,3.15,2021,36912,78,11043,16
25,551.2,4.08,2021,26035,70,4761,4
25.75,663.32,8.16,2021,27385,69,6243,5
27.3,466.62,8.16,2021,26746,68,7587,7
40.56,413.03,5.1,2021,27655,67,138,17
30.3,404,5.25,2021,26847,64,7144,14
19.57,373.32,5.25,2021,24361,65,2212,16
24,491.64,5,2021,26874,64,7532,10
57.57,1189.78,13.52,2021,48702,82,14546,22
54.6,443.39,5.2,2021,26106,67,6630,17
35.7,870,10.4,2021,38580,77,5798,15
62.4,1270.58,11.44,2020,50094,81,14872,19
47.25,884,7.14,2020,32974,76,841,22
29.58,330,6.18,2019,21474,71,2780,13
26.26,300,5,2019,19815,67,5874,15
20.8,401.7,5.2,2021,22698,66,3546,7
33.6,256.02,4.08,2021,22790,60,5901,14
40.8,896.1,10.4,2021,33946,73,2763,3
35.7,404,4.16,2021,24200,64,7037,18
34.68,506.76,5.2,2021,27889,68,2167,6
35.36,477.36,5.1,2021,25454,66,3884,2
70.04,664,7,2021,33443,69,4005,19
24.24,817.95,4.04,2021,32547,71,8163,21
52.52,1133,13.26,2021,45498,79,12739,23
29.29,452.48,7.35,2021,30639,65,5675,6
37.8,757.5,8.16,2021,35103,71,9132,1
27.54,299,6,2021,24654,63,2935,2
47.47,714,6.3,2021,31945,74,4106,10
23.92,802.95,5,2021,32280,73,8371,2
31.5,817.95,3.12,2021,34191,71,2504,16
26.986,611.52,3,2021,28607,71,5989,18
24.72,540.6,8,2018,28394,82,6470,0
37,687.48,9.45,2019,27505,85,3427,21
37,772.5,6.12,2018,25117,72,7463,17
41.82,321,5,2021,24354,65,904,15
63.86,1091,10.4,2022,53513,79,5078,3
76.76,1339,12.12,2021,54566,85,15153,14
79.8,1352,12,2021,55081,84,5137,14
52,1050.6,9.09,2017,29815,78,1589,19
51,1287.75,12.24,2017,37193,83,10049,5
71,956,9.09,2017,36753,94,757,11
71,988.8,9.45,2021,42968,77,4502,4
45.15,824,8.16,2017,30512,92,2114,5
43.43,1323.55,2.1,2021,44849,85,5673,9
37.74,433.68,7.21,2017,22095,76,564,11
38.11,999.44,1,2021,24615,78,3944,12
52.52,1420.86,13.52,2021,57163,87,4493,7
47.84,489.84,7.14,2022,33358,67,3065,8
88.88,1127.85,6.12,2021,44780,106,9481,25
88.88,1138.8,15.15,2021,43369,82,12668,6
62,1341.6,13,2022,54782,84,15289,1
53,592.8,9.09,2021,33131,83,2253,11
47.25,1041.6,9.09,2021,46213,101,2967,29
43.05,858.5,8.24,2021,44031,93,10864,6
58.24,735,9.27,2022,41020,87,4777,10
58.8,727.2,9,2019,32221,70,6910,5
36.4,380.77,6.18,2019,21691,66,3251,20
52,316.2,7.35,2022,31695,69,2145,2
28,291.2,5.2,2020,22333,63,3919,7
28.84,288.4,5.25,2022,25559,61,206,1
28.08,481.77,5,2017,20177,65,2752,15
28,285.6,5.25,2022,27048,61,5802,8
27.27,488.8,5.05,2021,27912,75,5296,6
32.24,781.74,11.44,2018,34018,87,9813,10
51.51,473.2,6.24,2021,29992,64,8547,11
105,1534.19,15.15,2019,55000,92,323,6
103,1510.62,15.6,2021,55763,123,12237,27
82.16,918.09,12,2019,40397,78,1151,17
43.05,558.6,8.08,2019,25429,67,7625,13
43.86,560.32,6.3,2021,28266,70,555,4
90.9,721,13.65,2022,53960,85,1033,5
40.56,505,8,2021,31477,79,1863,21
47.84,488.8,7.21,2021,27839,65,6750,2
38,545.9,7.07,2017,21499,67,3945,7
67,1150,11.55,2018,41945,104,1285,24
69.01,1184.5,10,2018,37242,81,2251,9
65.65,875,15.3,2017,35021,79,7279,20
77.7,1758.75,11.11,2021,73228,129,458,23
55.08,1226.16,10.3,2021,43343,81,3210,18
70.7,953.4,10,2021,48746,98,10581,15
33.6,648.9,6.3,2021,35726,80,4048,7
70.7,123.76,10,2022,32114,60,9507,11
70.7,904.8,11.11,2017,33860,77,1950,4
33.6,612,6.06,2017,22545,68,3791,10
101.85,1174.2,4,2021,52246,82,738,10
51,904.8,13.26,2021,39502,79,8802,19
45,646.8,9.18,2021,35514,69,3966,16
59.16,1323.1,9.18,2018,38565,87,2043,25
56.56,884,8.16,2018,33330,77,2463,7
82.4,1399,12,2018,46743,84,10673,16
51,624,11.22,2018,25845,68,7738,10
32.32,787.95,8.16,2018,27772,70,2247,15
27,404,7.35,2021,26401,67,7129,17
27.81,512.07,7.35,2021,29737,70,5521,12
39.14,1074.32,6.3,2021,36230,79,858,14
31.5,668.1,5.05,2020,30651,81,1676,1
81.6,962.02,9.09,2021,61560,79,17344,9
77,1420.86,17.68,2021,70125,90,11572,23
45,621.09,6.24,2021,28741,67,7201,9
61,1068.9,12.6,2019,39675,81,9132,21
45.9,634.4,7.28,2020,30266,83,3042,21
46.35,648.9,7.28,2020,28335,71,127,7
64.26,1543.97,12.48,2020,53062,86,2863,24
53,1248,27,2020,53096,89,5355,19
54.59,1325,11.55,2020,49960,83,14172,3
29.4,207.9,5.15,2021,22574,62,2406,16
53.55,365,5,2019,20159,66,4221,11
53.04,373.36,7.28,2020,24910,71,3632,2
52.02,321.36,7.28,2020,24614,62,6628,12
28.84,330.27,5.05,2021,24214,62,2668,8
41.6,1081.6,11.11,2021,42988,79,421,17
63.63,2035.15,13.13,2021,50937,97,8794,1
58.24,1923.6,3,2021,49109,91,6895,26
52.02,1730,7,2021,56808,95,10324,4
47.38,1431.7,10,2021,49956,86,878,22
39,1135,10,2021,41896,80,754,2
41.6,1020,3.06,2021,36912,75,8638,21
25.5,530,4,2021,26035,66,6232,16
25.5,663.32,8.32,2021,29302,69,8090,7
26.26,462,8.32,2021,28335,65,2991,10
40.17,409.02,5.05,2021,28177,66,6816,12
30.9,420,5.15,2021,25871,65,2858,12
19.19,380.64,5.2,2021,24600,65,2917,2
24.24,501.28,5.1,2021,27665,68,1493,13
57,1213.34,13,2021,51512,86,14445,22
53.04,460.95,5.05,2021,26360,66,3401,12
35.02,913.5,10.4,2021,38209,76,8115,20
62.4,1258,11.11,2020,51499,82,10197,0
45.45,858.5,7.07,2020,33282,76,9735,4
29.87,346.5,6.24,2019,22300,68,3946,18
26,309,5,2019,20014,68,1471,9
20.6,405.6,5,2021,23810,62,1233,19
33.28,263.55,4,2021,22790,59,6572,1
41.2,887.4,10,2021,36661,77,8378,3
34.34,408,4,2021,24200,64,1228,6
34.68,506.76,5.2,2021,27631,64,6553,5
35.36,472.68,5.15,2021,26727,65,6067,7
68.68,664,7,2021,32812,72,9061,16
24.96,794.58,4,2021,32547,72,1673,6
52,1144,13.13,2021,44234,83,11821,0
30.16,461.44,7.35,2021,28953,67,6726,5
37.44,750,8.16,2021,35753,74,9966,3
27.54,310.96,6.06,2021,24189,65,3016,9
47.94,735,6.18,2021,32553,69,1594,8
23.92,834.75,5.05,2021,31647,74,9116,6
30.3,817.95,3.15,2021,33874,74,10009,7
27.248,588,3,2021,28872,67,2644,9
24.24,530,8.4,2018,30643,80,4427,5
38.11,680.74,9.36,2019,28605,88,1245,7
37.74,780,6.24,2018,23257,74,3593,9
42.64,324.21,5.25,2021,23460,65,1261,6
62.62,1091,10.5,2022,50012,82,7868,12
79.8,1326,12.6,2021,56626,87,13358,20
76,1300,12,2021,53022,84,4277,4
50,1020,9.27,2017,28690,81,1232,4
51,1287.75,12.12,2017,39053,82,7222,16
71.71,994.24,9.45,2017,38208,100,2245,19
71.71,1008,9.09,2021,43763,80,10884,16
44.29,800,8.32,2017,30230,90,8291,13
43.86,1285,2.1,2021,46625,81,4694,6
38.11,433.68,7.07,2017,21081,72,6056,16
38.48,1009.05,1.02,2021,24146,77,6828,15
53.04,1434.79,13.65,2021,56123,85,13784,21
47.38,494.55,7.35,2022,31827,65,5348,3
88,1149.75,6,2021,41930,101,982,9
88,1138.8,15.6,2021,40558,83,241,20
63.86,1302.9,13.39,2022,59712,87,5784,18
55.12,592.8,9,2021,34771,80,57,14
45.9,1021.76,9.09,2021,43621,101,12715,12
42.23,858.5,8.32,2021,43630,90,12129,20
56.56,735,9.09,2022,42568,88,2568,10
57.68,727.2,9,2019,31292,71,7666,4
35.35,388.31,6.18,2019,22100,65,4768,15
51.5,319.3,7,2022,29678,71,2833,17
29.4,282.8,5.1,2020,21318,64,1286,1
29.4,288.4,5.15,2022,26800,64,1906,12
28.08,491.31,5.05,2017,20177,67,231,14
29.12,294,5.25,2022,25559,64,3686,18
28.08,484.1,5.15,2021,29828,76,1347,13
32.55,804.96,11.44,2018,33681,86,1148,12
52.02,464.1,6.06,2021,28030,66,4408,17
103,1594.95,15.6,2019,53991,90,15810,17
105,1540.24,15.45,2021,56309,123,3779,10
82.16,945.36,12.24,2019,38915,75,6284,22
41.82,532,8.16,2019,26389,70,6741,21
43,565.76,6.06,2021,29066,70,1895,3
90.9,749.84,13.65,2022,58234,86,8315,12
40.95,525.2,8.24,2021,32094,80,5826,8
47.38,493.5,7.14,2021,28952,67,5043,16
38.38,540.6,7.28,2017,22974,67,6372,8
67.67,1173,11,2018,40723,105,4712,8
67,1207.5,10.3,2018,38316,79,3657,20
65,901.25,15.6,2017,33748,78,659,12
74,1691.75,11,2021,69899,126,4029,20
54,1179,10.1,2021,44569,83,3098,11
70.7,917.08,10.4,2021,51112,99,12652,23
32,630,6.06,2021,34352,80,8311,3
70,122.57,10.3,2022,32114,61,4591,10
72.8,870,11.55,2017,33860,78,7145,2
32.32,600,6.18,2017,24077,67,141,8
97.97,1151.4,4.08,2021,49344,80,8712,16
52.5,870,13.65,2021,38011,75,3989,11
46.8,628.32,9.45,2021,34863,71,8939,5
60.32,1310,9.45,2018,38943,84,217,3
56,884,8.24,2018,32107,73,8369,0
80,1454.96,12.24,2018,44122,88,6045,10
50.5,606,11.55,2018,26613,72,5060,2
32.96,795.6,8.32,2018,27520,74,326,4
28.08,408,7.21,2021,27924,66,2333,5
27,532.35,7.35,2021,27034,66,4449,5
38.76,1084.65,6.3,2021,37665,79,11297,13
30.9,674.65,5.1,2020,30651,85,7642,16
80,952.68,9.09,2021,58140,76,16248,1
80.08,1448.72,17.34,2021,66229,87,7930,25
46.8,633.15,6.06,2021,27646,69,7248,8
63.44,1038.36,12.6,2019,40039,78,11352,23
46.8,610,7.35,2020,31750,82,4535,2
45.9,661.5,7.21,2020,28060,71,2169,3
64.89,1558.96,12.12,2020,51060,90,5547,22
54.06,1248,27.27,2020,54613,84,7605,3
53,1351.5,11.22,2020,49489,86,14729,13
28,199.98,5.15,2021,22148,60,4528,0
51.51,372.3,5.15,2019,21529,64,5105,3
52.02,366.18,7.07,2020,25157,71,891,9
53.55,312,7.35,2020,24614,62,2188,6
28,327,5.05,2021,23748,63,6135,12
40.4,1081.6,11,2021,45137,81,9141,1
64.26,2015,13.52,2021,50937,102,7975,12
57.68,1850.32,3,2021,48650,91,5038,25
53.55,1781.9,7.07,2021,54704,92,5306,9
46.46,1445.6,10.1,2021,48035,87,9447,2
39,1191.75,10.5,2021,41489,83,979,17
40.8,1050,3.15,2021,37273,78,7791,15
25.5,551.2,4.2,2021,25792,70,1662,16
25.75,656.88,8.08,2021,28207,69,6689,13
26.26,485.1,8,2021,29129,65,1571,2
40.17,405.01,5,2021,28177,65,1838,13
31.2,412,5.2,2021,25139,66,810,16
19.95,369.66,5,2021,24839,63,4791,10
24.72,501.28,5.25,2021,27928,65,7080,8
58.14,1236.9,13.65,2021,47766,84,10631,24
52.52,452.17,5,2021,27627,65,7647,14
34.34,896.1,10,2021,37467,74,1747,16
61.8,1283.16,11.33,2020,46817,86,6449,21
47.25,867,7.21,2020,33282,74,9931,19
30.16,339.9,6.06,2019,21474,68,315,19
26.26,312,5.25,2019,21203,72,3019,4
20.2,397.8,5.2,2021,22475,65,4228,18
32.32,253.51,4.2,2021,23008,61,5875,13
40.8,904.8,10.4,2021,34285,75,8358,3
35.36,404,4.04,2021,23320,64,3091,1
34.34,511.68,5.2,2021,27631,65,3566,13
34.68,468,5.2,2021,27745,66,5791,2
69.36,670.64,7.07,2021,34390,68,4813,19
24.96,779,4.04,2021,33486,71,5008,10
52,1100,13,2021,43392,81,1529,11
30.45,465.92,7,2021,30077,64,2031,14
36,780,8.4,2021,34128,74,7005,16
27.81,299,6.3,2021,24189,65,5060,17
49.35,728,6.24,2021,31945,71,9454,12
23.69,795,5.15,2021,33546,70,8870,16
31.2,786.79,3,2021,32924,71,1279,5
26.2,593.88,3.15,2021,28872,67,3258,13
24.48,540.6,8.08,2018,28113,78,295,16
37.74,680.74,9.36,2019,28605,87,1233,5
38.11,765,6.06,2018,24420,74,1867,5
42.64,321,5.1,2021,23907,62,2561,7
62.62,1123.73,10,2022,51512,79,9592,14
76.76,1326,12,2021,53537,83,13274,3
78.28,1365,12.12,2021,56626,85,8336,15
51.5,1040.4,9,2017,30378,77,1442,7
52.5,1313.25,12.48,2017,39053,87,2479,11
71,984.68,9,2017,37117,98,8142,6
73.84,988.8,9.18,2021,42968,76,7637,17
45.15,800,8.24,2017,30795,93,5030,25
45.15,1285,2,2021,45293,82,12457,11
38.11,437.85,7.28,2017,20878,72,232,8
38.48,999.44,1.02,2021,24146,77,5058,12
52.52,1448.72,13.13,2021,54045,89,6202,4
47.84,485.13,7.21,2022,31521,64,8853,19
89.76,1127.85,6.24,2021,42744,106,11458,28
88.88,1105.95,15.45,2021,41763,83,10527,10
62,1290,13.52,2022,58068,86,213,22
55.12,592.8,9.09,2021,33787,80,3099,15
45.45,1001.92,9.27,2021,45349,95,2989,27
43.05,867,8.4,2021,43230,89,9675,6
56.56,728,9.18,2022,40246,86,3795,11
57.12,756,9.27,2019,32841,73,2425,5
36.75,377,6,2019,21077,66,2375,15
51,310,7.21,2022,31695,68,2733,7
29.12,294,5,2020,20506,63,5458,6
28.84,280,5.15,2022,27048,62,5700,12
28.35,481.77,5.05,2017,19056,65,4558,13
29.4,282.8,5.05,2022,24815,63,4168,7
27.27,493.5,5.05,2021,29554,77,3413,8
31.93,774,11,2018,36376,89,1187,1
51.51,477.75,6.06,2021,30553,64,1273,4
100,1549.38,15.6,2019,52982,90,10760,14
105,1525.43,15.45,2021,59590,118,1966,3
79,954.45,12.24,2019,40768,78,7433,13
43.05,542.64,8.32,2019,25909,67,3570,15
44.72,544,6,2021,29066,69,635,17
93.6,742.63,13.65,2022,58769,87,4895,8
40.56,530.25,8.4,2021,31786,77,3183,11
47.84,479.4,7,2021,28952,67,3418,0
39.14,530,7.14,2017,21288,66,504,20
69.68,1161.5,11.44,2018,43981,106,84,20
68.34,1196,10.5,2018,38316,81,3770,19
66.3,892.5,15.15,2017,32792,78,5450,20
74,1758.75,11.33,2021,70565,124,6272,6
56.16,1190.79,10.5,2021,44160,79,12078,5
72.8,944.32,10.3,2021,52059,93,4390,12
32.96,636.3,6.12,2021,35382,80,2866,24
73.5,119,10.5,2022,32423,58,6034,10
72.8,896.1,11,2017,33543,76,5961,8
33.6,630,6.18,2017,22107,69,837,9
98.94,1162.8,4.2,2021,48860,77,8945,6
52.5,913.5,13.39,2021,38756,77,6391,6
45,634.48,9.36,2021,33234,73,3469,1
59.16,1336.2,9.09,2018,41589,82,4675,25
56,892.5,8.08,2018,33025,77,3186,20
81.6,1412.99,12.12,2018,45869,88,7570,25
51.5,630,11.22,2018,25590,70,3070,15
32,803.25,8.24,2018,25247,74,5503,14
28.08,412,7.35,2021,26655,66,828,6
27.81,522.21,7.07,2021,27034,66,2366,1
38,1033,6.24,2021,38741,80,11117,19
30,681.2,5.25,2020,28683,82,4603,6
80,971.36,9.27,2021,61560,75,15367,22
77,1448.72,17.85,2021,68177,86,3325,2
47.25,603,6.18,2021,29562,71,6370,13
61.61,1018,12.6,2019,39675,78,4337,4
45.45,628.3,7.35,2020,32047,85,1432,2
46.35,630,7.28,2020,29436,72,3895,15
66.15,1543.97,12.48,2020,53062,90,11754,17
55.65,1212,28.08,2020,55624,85,13239,7
53.53,1378,11.44,2020,51845,84,6634,5
29.4,201.96,5.1,2021,22148,62,3150,18
53.55,383.25,5.1,2019,19572,64,47,8
53.55,373.36,7.07,2020,26883,73,2742,5
53.04,315.12,7.21,2020,24163,65,6469,19
28.56,336.81,5.05,2021,25378,65,5417,8
40.8,1060.8,11.11,2021,45567,79,987,20
64.89,2035.15,13,2021,52954,100,2288,27
56,1850.32,3.06,2021,50027,95,5106,0
51.51,1799.2,7.07,2021,56282,95,71,28
48.3,1390,10,2021,49956,89,6960,10
39,1146.35,10.2,2021,44743,78,11720,9
41.6,1010,3.09,2021,39083,75,2638,9
25.75,545.9,4.08,2021,24332,68,117,1
25.75,644,8.24,2021,28481,69,433,4
27.04,485.1,8,2021,27540,68,4687,4
39.78,417.04,5.05,2021,27133,63,2368,18
30,408,5.15,2021,26115,67,1139,7
19.38,366,5.2,2021,26272,64,315,6
24.96,482,5.05,2021,26347,67,6057,17
57.57,1236.9,13.26,2021,50576,85,12446,15
52,443.39,5.2,2021,26106,65,7358,0
35.36,887.4,10,2021,37467,76,8946,18
61.2,1308.32,11.55,2020,47753,81,4823,7
45.9,892.5,7.28,2020,33590,76,2800,7
29.87,336.6,6.3,2019,21267,70,4732,9
26.52,306,5.15,2019,20212,67,5968,20
20.6,401.7,5,2021,24256,64,2115,14
33.28,258.53,4.08,2021,23659,62,962,5
40.8,896.1,10.2,2021,35643,75,9395,17
35.36,412,4.16,2021,22880,64,2982,10
34,516.6,5.15,2021,27373,67,1155,8
35.02,486.72,5,2021,26472,64,3042,8
70.04,697.2,7.07,2021,32497,71,3461,5
24.96,779,4.04,2021,31921,71,8219,17
54.08,1155,13.39,2021,42970,79,8241,12
30.16,470.4,7.07,2021,29515,65,68,9
36,772.5,8.4,2021,32828,74,2623,1
27.81,304.98,6.3,2021,23491,65,5996,7
48.41,735,6,2021,33466,71,8003,19
24.15,810.9,5.1,2021,32280,71,785,11
31.5,794.58,3.12,2021,31975,74,7514,17
26.986,599.76,3.12,2021,28077,66,519,2
24.24,530,8.32,2018,28113,81,636,24
37.74,680.74,9.36,2019,28605,87,4934,23
38.11,765,6.06,2018,24420,74,7285,1
42.64,321,5.1,2021,23907,62,5863,16
62.62,1123.73,10,2022,51512,79,5206,10
76.76,1326,12,2021,53537,83,7734,0
78.28,1365,12.12,2021,56626,85,10364,7
51.5,1040.4,9,2017,30378,77,4878,6
52.5,1313.25,12.48,2017,39053,87,3639,13
71,984.68,9,2017,37117,98,1932,10
73.84,988.8,9.18,2021,42968,76,10326,11
45.15,800,8.24,2017,30795,93,4004,6
45.15,1285,2,2021,45293,82,2974,17
38.11,437.85,7.28,2017,20878,72,4276,9
38.48,999.44,1.02,2021,24146,77,1829,16
52.52,1448.72,13.13,2021,54045,89,4338,18
47.84,485.13,7.21,2022,31521,64,2575,18
89.76,1127.85,6.24,2021,42744,106,12349,27
88.88,1105.95,15.45,2021,41763,83,2386,17
62,1290,13.52,2022,58068,86,166,3
55.12,592.8,9.09,2021,33787,80,8284,22
45.45,1001.92,9.27,2021,45349,95,12981,19
43.05,867,8.4,2021,43230,89,712,23
56.56,728,9.18,2022,40246,86,7124,21
57.12,756,9.27,2019,32841,73,5423,9
36.75,377,6,2019,21077,66,4107,11
51,310,7.21,2022,31695,68,120,10
29.12,294,5,2020,20506,63,2455,18
28.84,280,5.15,2022,27048,62,383,17
28.35,481.77,5.05,2017,19056,65,2563,0
29.4,282.8,5.05,2022,24815,63,2270,0
27.27,493.5,5.05,2021,29554,77,1278,1
31.93,774,11,2018,36376,89,8672,24
51.51,477.75,6.06,2021,30553,64,4655,14
100,1549.38,15.6,2019,52982,90,9823,0
105,1525.43,15.45,2021,59590,118,372,11
79,954.45,12.24,2019,40768,78,8584,20
43.05,542.64,8.32,2019,25909,67,3996,6
44.72,544,6,2021,29066,69,6902,13
93.6,742.63,13.65,2022,58769,87,17070,26
40.56,530.25,8.4,2021,31786,77,3520,20
47.84,479.4,7,2021,28952,67,1712,4
39.14,530,7.14,2017,21288,66,2250,6
69.68,1161.5,11.44,2018,43981,106,10194,11
68.34,1196,10.5,2018,38316,81,3009,20
66.3,892.5,15.15,2017,32792,78,9804,0
74,1758.75,11.33,2021,70565,124,9297,2
56.16,1190.79,10.5,2021,44160,79,11465,23
72.8,944.32,10.3,2021,52059,93,12709,12
32.96,636.3,6.12,2021,35382,80,6162,2
73.5,119,10.5,2022,32423,58,1738,7
72.8,896.1,11,2017,33543,76,7773,8
33.6,630,6.18,2017,22107,69,75,18
98.94,1162.8,4.2,2021,48860,77,9702,7
52.5,913.5,13.39,2021,38756,77,6016,14
45,634.48,9.36,2021,33234,73,2749,13
59.16,1336.2,9.09,2018,41589,82,4272,0
56,892.5,8.08,2018,33025,77,1555,1
81.6,1412.99,12.12,2018,45869,88,2784,11
51.5,630,11.22,2018,25590,70,7093,12
32,803.25,8.24,2018,25247,74,4904,18
28.08,412,7.35,2021,26655,66,3949,7
27.81,522.21,7.07,2021,27034,66,2738,14
38,1033,6.24,2021,38741,80,322,14
30,681.2,5.25,2020,28683,82,4642,14
80,971.36,9.27,2021,61560,75,5536,16
77,1448.72,17.85,2021,68177,86,17670,21
47.25,603,6.18,2021,29562,71,1554,8
61.61,1018,12.6,2019,39675,78,6618,17
45.45,628.3,7.35,2020,32047,85,5499,16
46.35,630,7.28,2020,29436,72,4149,15
66.15,1543.97,12.48,2020,53062,90,12158,16
55.65,1212,28.08,2020,55624,85,14576,21
53.53,1378,11.44,2020,51845,84,11864,19
29.4,201.96,5.1,2021,22148,62,5092,0
53.55,383.25,5.1,2019,19572,64,4549,5
53.55,373.36,7.07,2020,26883,73,2417,20
53.04,315.12,7.21,2020,24163,65,3780,2
28.56,336.81,5.05,2021,25378,65,2740,7
40.8,1060.8,11.11,2021,45567,79,11031,17
64.89,2035.15,13,2021,52954,100,15107,4
56,1850.32,3.06,2021,50027,95,3197,3
51.51,1799.2,7.07,2021,56282,95,5585,20
48.3,1390,10,2021,49956,89,11093,21
39,1146.35,10.2,2021,44743,78,11415,9
41.6,1010,3.09,2021,39083,75,1617,19
25.75,545.9,4.08,2021,24332,68,3102,4
25.75,644,8.24,2021,28481,69,96,8
27.04,485.1,8,2021,27540,68,1441,20
39.78,417.04,5.05,2021,27133,63,802,18
30,408,5.15,2021,26115,67,571,17
19.38,366,5.2,2021,26272,64,218,8
24.96,482,5.05,2021,26347,67,2831,2
57.57,1236.9,13.26,2021,50576,85,8973,0
52,443.39,5.2,2021,26106,65,4956,14
35.36,887.4,10,2021,37467,76,5956,9
61.2,1308.32,11.55,2020,47753,81,11419,17
45.9,892.5,7.28,2020,33590,76,6790,12
29.87,336.6,6.3,2019,21267,70,3484,10
26.52,306,5.15,2019,20212,67,4054,15
20.6,401.7,5,2021,24256,64,5708,6
33.28,258.53,4.08,2021,23659,62,4956,1
40.8,896.1,10.2,2021,35643,75,8868,13
35.36,412,4.16,2021,22880,64,722,2
34,516.6,5.15,2021,27373,67,8060,16
35.02,486.72,5,2021,26472,64,6436,6
70.04,697.2,7.07,2021,32497,71,5138,21
24.96,779,4.04,2021,31921,71,3570,17
54.08,1155,13.39,2021,42970,79,11774,16
30.16,470.4,7.07,2021,29515,65,361,5
36,772.5,8.4,2021,32828,74,8551,14
27.81,304.98,6.3,2021,23491,65,1695,4
48.41,735,6,2021,33466,71,8592,8
24.15,810.9,5.1,2021,32280,71,5176,20
31.5,794.58,3.12,2021,31975,74,7872,9
26.986,599.76,3.12,2021,28077,66,1411,3
24.24,530,8.32,2018,28113,81,1405,17
37.37,707.7,9.18,2019,28330,87,7484,14
37,757.5,6.18,2018,24187,74,2975,12
43.05,321,5,2021,24354,63,6022,8
63.86,1123.73,10.2,2022,53012,81,13706,8
79.04,1313,12.48,2021,55596,83,8557,23
79.04,1339,12.48,2021,55596,82,15779,19
52,1050.6,9.09,2017,28971,76,6873,7
50.5,1275,12.12,2017,38309,81,9904,21
71.71,975.12,9.09,2017,37481,99,8621,19
73.13,960,9.27,2021,41376,76,3988,3
45.15,800,8.08,2017,28817,92,1182,3
43.43,1349.25,2.08,2021,45293,85,5422,13
38.48,421.17,7.35,2017,22095,73,4967,10
37.37,999.44,1.02,2021,24381,77,1710,14
53.56,1448.72,13.65,2021,55604,86,16517,23
46.46,471,7.35,2022,31215,66,9204,14
88,1149.75,6.12,2021,44373,102,1564,14
88,1127.85,15,2021,44172,80,2480,4
62,1328.7,13,2022,57521,84,554,7
54.06,575.7,9.36,2021,33459,78,6296,14
46.8,1001.92,9.18,2021,44053,97,8431,28
41,850,8,2021,40828,95,10547,7
56,714,9.45,2022,39085,87,8968,21
57.68,741.6,9.36,2019,34080,72,2307,17
35.35,392.08,6.06,2019,21077,65,3768,19
52,310,7.07,2022,31407,71,2633,4
29.4,291.2,5.05,2020,22130,61,1389,15
29.4,294,5.05,2022,24815,64,6442,6
28.35,486.54,5,2017,20551,65,3388,3
28.56,288.4,5.25,2022,26552,63,643,4
27.27,493.5,5.25,2021,28186,73,6326,20
31.62,797.22,11.44,2018,36376,89,4676,19
51.51,477.75,6,2021,28871,68,8223,9
100,1594.95,15.45,2019,54495,88,11805,5
102,1540.24,15.3,2021,56309,120,8707,33
79.79,927.18,12.48,2019,37803,77,10366,22
41.82,547.96,8.4,2019,24229,67,3750,7
45.15,554.88,6,2021,28533,67,7767,14
90.9,742.63,13.52,2022,56097,91,5954,6
40.95,525.2,8,2021,33020,77,291,19
47.84,474.7,7.28,2021,30623,68,780,4
39.9,535.3,7.07,2017,21920,69,4132,20
67,1150,11.22,2018,44795,106,421,13
70.35,1161.5,10.1,2018,37958,79,11060,0
67.6,910,15.75,2017,35021,76,4618,11
74.74,1758.75,11.22,2021,67902,124,3238,37
56.7,1237.95,10.3,2021,43751,79,12317,22
72.8,953.4,10.4,2021,49219,93,10516,1
32,661.5,6.06,2021,35726,83,10469,8
72.8,121.38,10,2022,33041,59,4872,17
72.1,887.4,11,2017,31645,76,4457,2
32.96,600,6.18,2017,24077,70,202,10
100.88,1174.2,4.08,2021,50795,78,7024,4
52,870,13.13,2021,37638,75,6297,13
47.25,640.64,9.09,2021,33885,69,3759,5
60.9,1310,9,2018,38565,86,3216,18
56,858.5,8,2018,31802,75,1615,21
82.4,1440.97,12.12,2018,44996,87,2566,22
50.5,618,11,2018,28149,71,5156,21
32.64,803.25,8.32,2018,27015,70,4577,12
28.08,420,7.21,2021,26655,67,6784,12
28.35,517.14,7.07,2021,29737,68,177,13
39.14,1063.99,6.3,2021,39099,80,4243,14
30,681.2,5.15,2020,28964,86,686,8
83.2,971.36,9.09,2021,58140,76,15572,23
77.77,1393,17,2021,68827,86,10520,17
46.35,603,6,2021,29288,68,5876,10
62.22,1018,12.24,2019,36399,76,3920,0
45.45,634.4,7.07,2020,30266,83,1836,15
47.25,648.9,7.07,2020,29161,71,3593,0
66.15,1558.96,12,2020,52561,88,13980,6
55.65,1212,27,2020,51579,86,7470,4
53.53,1351.5,11.33,2020,47132,83,2964,3
29.12,198,5.25,2021,22574,60,4469,10
51,372.3,5.25,2019,20746,62,2199,12
53.55,369.77,7.21,2020,26636,69,829,6
53.04,315.12,7.35,2020,22808,62,3893,5
28.56,336.81,5.15,2021,23283,63,6722,8
40,1050.4,11.44,2021,44277,81,10549,23
63.63,2015,13,2021,50433,103,11416,3
56,1850.32,3.03,2021,50486,93,9101,1
52.53,1781.9,7.35,2021,54178,96,12443,27
48.3,1445.6,10.2,2021,48035,87,12489,5
39.78,1146.35,10.3,2021,41489,83,5691,13
42,1050,3.06,2021,38721,79,9317,17
25.75,556.5,4.08,2021,25305,65,1217,0
25.5,663.32,8.16,2021,27933,68,940,10
26.26,466.62,8.08,2021,28070,65,3208,11
40.17,401,5,2021,26612,65,7257,5
31.2,420,5.05,2021,26847,64,4328,5
19,369.66,5.25,2021,26272,66,2824,16
25.2,491.64,5.15,2021,26874,66,6463,4
57,1213.34,13,2021,51512,84,7046,13
54.6,460.95,5.1,2021,27120,67,3434,3
34,913.5,10.5,2021,37467,77,1546,2
60,1270.58,11.33,2020,49158,83,10657,9
45.9,867,7.07,2020,32049,73,4465,9
29.87,336.6,6.12,2019,22506,68,1929,15
26.52,300,5.1,2019,19815,68,1690,17
20,405.6,5,2021,23810,66,3474,2
33.6,261.04,4.08,2021,22356,61,555,13
41.6,870,10.4,2021,34285,74,7086,19
34.34,400,4.2,2021,22220,63,1271,5
34.34,506.76,5.05,2021,25824,64,3213,17
35.02,491.4,5.25,2021,26218,67,7631,16
71.4,670.64,7.28,2021,33443,71,2292,12
24.72,794.58,4,2021,34425,71,10149,19
52.52,1122,13.39,2021,43813,80,12878,20
29.58,461.44,7.07,2021,29515,65,6936,13
37.8,787.5,8.4,2021,33478,74,549,3
27,299,6.06,2021,23258,64,3216,8
49.35,735,6.12,2021,31945,72,5274,4
23,818.85,5,2021,32280,74,5372,8
30.6,802.37,3.03,2021,33241,71,162,8
26.986,605.64,3.15,2021,26753,70,2754,14
24.72,530,8.24,2018,28113,80,5519,9
37.37,714.44,9.45,2019,27780,85,6550,17
37.74,802.5,6,2018,23257,73,2301,13
41.82,321,5.35,2021,25024,64,6772,17
65.72,1145.55,10.4,2022,56513,80,16414,23
79.04,1378,12.6,2021,51993,90,5926,2
78.28,1313,12.84,2021,55081,90,651,4
51,1020,9.09,2017,29534,81,1262,10
50,1287.75,12.72,2017,41657,83,2723,9
71,975.12,9.09,2017,38936,95,8720,18
75.97,979.2,9.36,2021,44161,78,1885,9
43.86,824,8,2017,28535,91,7413,6
45.58,1374.95,2.08,2021,46181,82,12858,15
38.85,437.85,7.21,2017,20473,78,2134,16
38.11,1009.05,1.06,2021,23443,80,3700,5
54.08,1490.51,13.26,2021,54565,88,9548,9
47.38,485.13,7.28,2022,30909,70,5967,15
92.4,1116.9,6.18,2021,45187,100,4388,12
89.76,1127.85,15.15,2021,40558,80,10966,8
65.72,1341.6,13,2022,60808,85,14133,21
53,575.7,9,2021,34443,80,6161,16
46.35,1011.84,9.27,2021,44917,100,12092,19
43.46,892.5,8.16,2021,42429,89,11618,0
56.56,707,9.45,2022,39859,90,10613,11
57.12,756,9.45,2019,34390,77,8281,20
35,395.85,6,2019,22304,64,4156,8
53.5,319.3,7.14,2022,32847,69,815,12
28.56,285.6,5.1,2020,21724,63,5244,11
29.68,294,5.25,2022,27048,61,5314,10
28.08,491.31,5.3,2017,19804,67,1542,2
29.12,285.6,5.25,2022,26800,62,2830,1
28.35,474.7,5.15,2021,31470,78,2148,9
32.55,781.74,11.11,2018,37049,86,693,7
53.04,464.1,6.36,2021,30273,64,1017,4
100,1534.19,15.75,2019,58027,90,286,12
104,1481,15.75,2021,57403,121,15821,14
80.58,963.54,12.36,2019,40026,75,10646,4
42.64,537.32,8.08,2019,25669,69,491,9
46.01,576.64,6.42,2021,28266,72,2541,10
90.9,735.42,13.78,2022,60371,91,13710,8
40.56,540.35,8.24,2021,33946,77,7072,19
47.38,479.4,7.35,2021,28396,65,5623,11
39.14,567.1,7.35,2017,24239,66,4474,7
70.35,1184.5,11,2018,46017,112,6054,2
68.34,1161.5,10.7,2018,36168,87,9821,22
65.65,936.25,15.6,2017,32156,81,8292,21
76.96,1725.25,11.33,2021,75225,134,16943,33
54.54,1237.95,10.4,2021,45796,81,3591,12
74.2,926.16,10.7,2021,53479,100,4658,2
33.6,667.8,6.12,2021,36413,82,5088,18
70,123.76,10.5,2022,34585,62,1744,9
74.9,870,11.77,2017,31961,78,1176,21
33.92,630,6,2017,24953,74,6971,3
98.94,1219.8,4.12,2021,49344,79,3470,22
52,887.4,13.52,2021,38756,81,10575,4
48.15,652.96,9,2021,34537,69,5461,8
61.48,1336.2,9.63,2018,42345,86,9017,18
57.68,858.5,8.16,2018,34554,78,3680,9
81.6,1454.96,12.84,2018,49364,92,12139,9
51.5,606,11.55,2018,28149,71,3472,1
32.96,787.95,8,2018,26510,71,831,6
27.27,412,7.49,2021,25386,63,1291,11
28.08,532.35,7.28,2021,30278,66,8146,15
38.76,1053.66,6.06,2021,40893,77,8609,2
31.5,700.85,5.3,2020,29245,82,2229,24
84.8,971.36,9.27,2021,57570,80,9547,18
80.08,1420.86,17.85,2021,66879,87,7710,5
46.35,603,6.18,2021,31204,67,7200,8
65.27,1038.36,12.24,2019,39311,77,3875,17
47.7,622.2,7.14,2020,32047,79,4486,15
47.25,648.9,7.49,2020,29986,69,5156,2
66.15,1499,12,2020,57067,90,3293,4
54.06,1236,28.89,2020,50567,87,8049,24
56.71,1338.25,11.77,2020,48075,82,5271,1
29.12,205.92,5.2,2021,21722,60,6325,2
52.53,365,5.35,2019,20159,67,6044,15
54.57,376.95,7,2020,25650,74,522,4
54.06,318.24,7.14,2020,24388,62,5740,7
28.84,333.54,5.25,2021,23515,66,6463,5
40.8,1071.2,11.22,2021,44277,79,8257,6
63,2075.45,13,2021,52450,106,13668,31
57.12,1960.24,3.12,2021,49109,96,14354,15
54.06,1799.2,7.49,2021,59438,96,17718,6
46.46,1417.8,10.5,2021,48995,90,8328,25
39.78,1180.4,10.1,2021,42303,83,9885,0
42,1070,3.06,2021,36912,75,3347,21
25.75,567.1,4.2,2021,26522,67,4240,20
25.5,650.44,8.56,2021,31493,70,1088,19
27.04,489.72,8.56,2021,26481,69,4565,1
40.56,425.06,5.15,2021,26090,64,1885,9
31.5,428,5.25,2021,25871,63,1530,10
19.57,391.62,5,2021,26988,67,3575,11
24.72,486.82,5.15,2021,27401,68,4422,20
57,1201.56,13,2021,48702,86,810,26
52.52,447.78,5.2,2021,28894,69,7938,8
35.7,896.1,10.2,2021,37096,76,1607,1
60.6,1333.48,11.44,2020,53840,87,5038,3
45.45,850,7.21,2020,32049,76,5749,2
29.58,336.6,6.36,2019,22506,72,4918,10
27.04,315,5.15,2019,21401,68,1248,1
21,409.5,5.05,2021,23810,66,4701,6
33.28,266.06,4.16,2021,24527,61,3273,2
40.8,922.2,10.3,2021,34964,78,9495,1
36.04,428,4.04,2021,23760,66,4461,6
35.36,526.44,5,2021,26340,68,4130,20
35.7,472.68,5.35,2021,27490,70,3027,5
68.68,670.64,7.07,2021,35652,71,3303,3
24,833.53,4.12,2021,33173,73,9548,18
53.56,1155,13.26,2021,46762,85,13487,5
30.16,461.44,7.42,2021,29515,68,5323,4
36,787.5,8.24,2021,36078,71,8445,12
27,313.95,6.18,2021,25817,65,2968,19
48.88,749,6.18,2021,30728,69,7734,10
23.92,802.95,5.35,2021,34495,74,7298,3
30,786.79,3.09,2021,33241,74,8249,10
28.034,617.4,3,2021,27018,72,6014,1
24.96,540.6,8.56,2018,29518,84,109,15
39.59,680.74,9.36,2019,31630,84,5332,6
39.22,765,6.24,2018,24420,74,6919,7
42.64,330.63,5.05,2021,24354,63,6737,3
65.72,1167.37,10.5,2022,50012,77,3595,23
80.56,1352,12.84,2021,57655,89,1014,14
79.04,1300,12,2021,51993,87,10101,18
52,1030.2,9.36,2017,31784,76,3084,10
53.5,1275,12.84,2017,38681,86,52,11
71.71,1003.8,9.18,2017,39664,94,11103,22
74.55,979.2,9.36,2021,45753,77,8194,12
44.72,848,8.32,2017,31925,96,5673,4
43.43,1297.85,2.02,2021,46625,84,8656,7
38.48,433.68,7,2017,21284,71,6348,8
39.59,980.22,1.03,2021,25319,80,980,22
53.04,1462.65,13.91,2021,53525,84,12674,23
48.76,475.71,7,2022,33358,65,9718,2
88,1138.8,6.06,2021,44373,109,10288,20
93.28,1127.85,15.9,2021,44172,79,4279,13
65.72,1302.9,13.65,2022,58068,90,7311,25
53,587.1,9.27,2021,35099,80,3232,0
46.8,1041.6,9.63,2021,49236,96,13072,4
41,850,8.24,2021,42029,93,1115,28
56.56,700,9.63,2022,43729,85,461,10
58.8,720,9.18,2019,31602,71,2773,15
36.4,380.77,6.36,2019,20667,68,3181,7
50.5,331.7,7,2022,30830,68,7542,4
28.84,285.6,5.1,2020,22536,64,6687,5
29.12,285.6,5.05,2022,27296,65,458,18
28.89,496.08,5.15,2017,20925,65,2948,7
28.28,296.8,5.1,2022,27544,61,3322,12
28.62,488.8,5.3,2021,27638,81,5768,3
31.62,797.22,11.44,2018,35365,91,8737,17
53.55,459.55,6.18,2021,31674,64,9261,0
106,1579.76,15.3,2019,53486,93,7404,10
100,1555.05,15.6,2021,61776,118,8118,15
83.74,954.45,12.36,2019,38173,80,4760,7
41.82,532,8,2019,26149,66,2112,9
44.72,582.08,6.36,2021,29333,73,4839,3
96.3,742.63,13.91,2022,61440,87,10525,25
41.73,530.25,8.4,2021,34254,79,3938,10
46.46,498.2,7.28,2021,31736,67,8881,18
38.76,551.2,7.49,2017,21709,71,5668,4
67.67,1219,11,2018,42352,104,2304,29
69.01,1161.5,10,2018,36168,80,5650,3
66.3,892.5,15.45,2017,33111,75,4501,7
74.74,1775.5,11.77,2021,71231,123,5650,6
56.16,1202.58,10,2021,41707,87,6965,22
73.5,935.24,10.1,2021,51112,97,8574,12
33.92,667.8,6.42,2021,37100,82,2053,11
70,120.19,10.6,2022,35511,64,9923,15
74.2,896.1,11.44,2017,35126,75,66,14
34.24,618,6.12,2017,24515,68,5675,9
98.94,1174.2,4.28,2021,48376,85,9762,17
50.5,922.2,13.78,2021,37266,78,7029,3
47.25,659.12,9.18,2021,34537,69,8873,6
59.16,1388.6,9.36,2018,41589,82,7932,9
58.24,875.5,8.48,2018,31802,73,1473,7
81.6,1426.98,12.24,2018,45432,89,727,19
53,600,11,2018,27893,71,6509,8
34.24,810.9,8.48,2018,27015,74,1053,1
28.89,412,7.14,2021,26401,69,3045,12
28.89,542.49,7.14,2021,28926,65,1592,10
38.38,1033,6.18,2021,38023,75,3452,12
30.9,674.65,5.25,2020,29526,86,8856,4
82.4,962.02,9.09,2021,58710,75,13407,11
77.77,1393,18.19,2021,68827,86,12188,23
46.35,609.03,6.42,2021,29288,68,1204,10
65.27,1048.54,12.12,2019,36763,77,5987,22
47.7,616.1,7.07,2020,34124,79,542,21
46.8,636.3,7.49,2020,29161,71,2496,19
66.15,1603.93,12.6,2020,53562,90,3541,26
55.65,1200,28.35,2020,57141,91,6479,24
54.59,1378,11.77,2020,54202,84,11544,25
28,203.94,5.35,2021,24064,58,5815,9
53.04,383.25,5.35,2019,21724,64,6111,10
52.02,362.59,7.35,2020,26636,75,2357,14
54.57,330.72,7.49,2020,24614,62,207,5
28.56,346.62,5.2,2021,23748,67,2484,7
40.4,1092,11.55,2021,43848,80,11159,22
66.78,2055.3,13.65,2021,55476,101,11606,28
59.36,1868.64,3.15,2021,50027,91,5750,23
51.51,1799.2,7.28,2021,53126,94,2493,13
49.22,1487.3,10.2,2021,48035,89,4447,2
39.78,1214.45,10.1,2021,43930,86,9296,16
40,1000,3.21,2021,39083,79,5548,17
25,535.3,4.24,2021,26035,70,6864,4
26.5,682.64,8.08,2021,30946,72,6952,19
26.26,480.48,8.24,2021,27540,67,1342,9
39.78,417.04,5.25,2021,28177,68,5724,11
31.5,416,5.15,2021,26603,69,3534,4
20.33,366,5.1,2021,24122,67,4181,11
24.72,501.28,5.2,2021,28455,70,4289,12
60.99,1225.12,13.65,2021,48702,81,5637,23
53.04,443.39,5.35,2021,28894,67,3291,5
35.7,870,10.1,2021,40435,76,3511,15
64.2,1320.9,11.44,2020,51499,85,5657,10
46.8,884,7.07,2020,32049,74,5213,2
29,333.3,6.3,2019,20648,69,4842,16
27.82,321,5.2,2019,22391,73,4789,13
21.2,417.3,5.2,2021,22475,62,4547,17
32,268.57,4.24,2021,24093,63,1886,17
42.4,896.1,10.6,2021,33946,77,8857,23
35.36,412,4.12,2021,24860,68,1272,10
35.36,496.92,5.05,2021,27889,65,6240,9
34.68,477.36,5.35,2021,26981,70,2609,6
71.4,697.2,7.21,2021,34390,75,2820,4
25.44,810.16,4.2,2021,31608,75,8085,5
54.08,1166,13.91,2021,44655,81,11022,7
29.58,452.48,7.14,2021,32326,67,2041,11
36.72,802.5,8.16,2021,35103,76,3898,0
28.08,310.96,6,2021,23956,63,4856,7
48.88,700,6.12,2021,34379,69,4547,19
23.46,802.95,5.2,2021,31963,73,2284,20
30.9,779,3.12,2021,31658,75,4107,4
27.248,611.52,3.21,2021,28342,68,5138,7
25.44,561.8,8.32,2018,31767,83,8266,22
39.59,680.74,9.09,2019,27505,84,8080,0
38.48,757.5,6.24,2018,23489,73,5086,9
43.87,337.05,5.25,2021,23013,66,1209,20
63.86,1112.82,10.6,2022,51512,79,14268,6
76.76,1313,12.84,2021,58685,83,7815,2
79.8,1365,12.48,2021,56111,90,5698,9
51.5,1030.2,9.18,2017,30378,82,3086,22
51,1338.75,12,2017,37937,85,2877,4
71,1003.8,9.63,2017,41483,102,9116,1
71,979.2,9,2021,40183,77,5837,12
43,832,8.56,2017,31360,87,6827,24
44.29,1362.1,2.02,2021,45293,80,8808,13
38.85,417,7,2017,21892,74,1540,13
39.22,989.83,1.07,2021,25319,76,3445,20
52.52,1490.51,13,2021,59241,86,3248,18
48.3,499.26,7.21,2022,31827,66,6427,6
90.64,1138.8,6.36,2021,41930,108,3722,24
88.88,1138.8,15.45,2021,41362,84,6279,19
62.62,1328.7,13.78,2022,62999,83,7608,24
56.18,598.5,9.54,2021,36411,82,8438,17
45.45,1031.68,9.36,2021,45781,101,3062,0
43.87,901,8.32,2021,45231,93,4646,14
58.8,721,9.36,2022,39472,89,8628,19
58.24,720,9.18,2019,34080,75,8436,21
35,377,6.36,2019,22304,62,5373,16
52.5,316.2,7,2022,29966,72,6174,11
28.56,280,5.3,2020,23348,62,404,15
29.12,296.8,5.05,2022,26055,65,6470,18
28.62,500.85,5.35,2017,18683,67,3991,14
28.56,280,5.35,2022,25063,63,7181,14
28.89,470,5.25,2021,31196,77,8225,5
31.31,820.44,11.22,2018,36039,93,1131,25
53.55,486.85,6,2021,28591,68,8501,19
105,1564.57,15.15,2019,53486,94,4112,1
106,1584.67,16.05,2021,59590,116,12167,28
82.16,954.45,12.48,2019,40397,77,10899,15
41.82,547.96,8.24,2019,24949,67,6899,8
44.72,571.2,6.36,2021,29599,69,8879,3
93.6,735.42,13.52,2022,55029,85,13246,9
40.95,515.1,8.48,2021,30860,76,1469,8
48.76,479.4,7.21,2021,27839,69,7564,2
40.28,561.8,7.28,2017,22131,69,6264,14
67,1207.5,11.44,2018,46017,110,11017,22
71.69,1184.5,10.3,2018,41181,83,225,12
66.3,927.5,15.75,2017,32474,81,7702,5
76.22,1675,11.77,2021,73894,131,163,6
55.08,1237.95,10.5,2021,44160,86,7925,26
72.8,953.4,10.5,2021,54425,100,2524,5
33.6,655.2,6.36,2021,36413,86,1485,4
70,119,10.3,2022,32732,60,8826,6
70,870,11,2017,34176,80,4581,21
32.64,636,6.36,2017,24515,72,5546,1
97.97,1185.6,4,2021,48860,81,9040,22
50,878.7,13.52,2021,37638,78,6751,4
46.8,622.16,9.54,2021,32908,69,326,10
59.74,1401.7,9.36,2018,40077,84,9120,24
57.68,909.5,8.08,2018,30578,73,9113,8
81.6,1412.99,12.12,2018,44122,87,4160,17
50,612,11.77,2018,27125,69,4278,1
32.32,772.65,8.4,2018,27772,74,2944,19
28.08,412,7,2021,25894,67,7036,9
27,537.42,7.35,2021,27034,68,1079,13
38,1033,6.24,2021,40893,82,2601,17
30.6,681.2,5.15,2020,28964,84,2148,10
83.2,980.7,9.09,2021,63270,77,3650,9
77.77,1434.79,17,2021,70775,87,15197,5
46.8,615.06,6.12,2021,27372,70,1020,20
64.66,1028.18,12.24,2019,40039,78,4820,17
46.8,628.3,7.35,2020,33234,86,4980,22
47.7,655.2,7.07,2020,28611,73,1584,8
65.52,1558.96,12,2020,52561,89,9952,5
55.65,1236,27.81,2020,53601,84,3436,5
54.59,1404.5,11.22,2020,52316,89,15456,5
29.96,209.88,5.35,2021,21296,64,2859,2
54.06,379.6,5.15,2019,20942,63,5057,10
53.04,369.77,7.42,2020,24663,71,1531,4
52.53,321.36,7.07,2020,24163,61,2062,14
29.12,330.27,5.35,2021,24680,62,4292,14
42,1081.6,11.22,2021,45137,83,5052,15
63,2035.15,13.65,2021,52954,99,5477,12
58.8,1905.28,3.12,2021,52322,97,8377,3
52.02,1730,7.42,2021,57334,93,38,18
47.84,1445.6,10.3,2021,50437,84,1349,23
39.78,1169.05,10.3,2021,43116,83,320,18
41.6,1020,3.03,2021,36912,78,2255,6
25,530,4.2,2021,26278,66,4430,4
26.75,656.88,8.48,2021,30124,68,6252,7
27.82,480.48,8.48,2021,29394,65,4147,2
40.17,413.03,5,2021,26872,69,6786,13
31.8,416,5.25,2021,27580,63,8130,8
19,373.32,5.3,2021,25794,65,1437,16
25.2,515.74,5.15,2021,27928,64,8074,5
59.85,1213.34,13.78,2021,51044,86,14518,13
54.08,460.95,5.1,2021,25853,64,986,6
36.38,904.8,10.1,2021,41548,80,7697,21
63.6,1320.9,11.66,2020,52903,87,5763,6
47.7,850,7,2020,32974,77,2423,16
29.58,330,6.06,2019,20648,73,4948,21
26.26,300,5.05,2019,22391,74,2077,15
21.2,413.4,5.25,2021,24478,68,701,2
32.96,258.53,4.28,2021,23225,64,6602,3
41.6,887.4,10.7,2021,34964,77,6450,5
34.68,428,4.08,2021,23320,66,1788,4
34,506.76,5.05,2021,27631,68,6644,13
35.7,468,5.35,2021,27236,67,4775,12
72.08,690.56,7.14,2021,35336,71,3282,4
24,794.58,4.24,2021,32547,76,7597,12
53.56,1144,13.13,2021,44655,78,7563,18
29.58,456.96,7.07,2021,28672,67,4683,9
36,780,8.56,2021,36403,76,9628,22
27.81,304.98,6.3,2021,24189,66,3248,2
49.35,728,6.18,2021,31641,75,602,13
24.61,850.65,5.35,2021,32280,73,6894,1
31.2,810.16,3.15,2021,34507,77,9392,11
26.2,617.4,3.12,2021,27812,70,248,1
24.24,530,8.48,2018,28394,83,7151,1
